ley,camara,votacion_id_comovoto,acta_oficial,fecha,fuente,legislador,coalicion,coalicion_nombre,voto
"Inocencia Fiscal","senadores","5465","2622","26/12/2025 - 23:15","https://www.senado.gob.ar/votaciones/detalleActa/2622","ABAD, MAXIMILIANO","ucr","UCR / ARI","AFIRMATIVO"
"Inocencia Fiscal","senadores","5465","2622","26/12/2025 - 23:15","https://www.senado.gob.ar/votaciones/detalleActa/2622","ABDALA, BARTOLOME ESTEBAN","lla","LLA","AFIRMATIVO"
"Inocencia Fiscal","senadores","5465","2622","26/12/2025 - 23:15","https://www.senado.gob.ar/votaciones/detalleActa/2622","ALMEIDA, ROMINA MARIA","lla","LLA","AFIRMATIVO"
"Inocencia Fiscal","senadores","5465","2622","26/12/2025 - 23:15","https://www.senado.gob.ar/votaciones/detalleActa/2622","ALVAREZ RIVERO, CARMEN","lla","LLA","AFIRMATIVO"
"Inocencia Fiscal","senadores","5465","2622","26/12/2025 - 23:15","https://www.senado.gob.ar/votaciones/detalleActa/2622","ARCE, CARLOS OMAR","pj","PJ / Union por la Patria","AFIRMATIVO"
"Inocencia Fiscal","senadores","5465","2622","26/12/2025 - 23:15","https://www.senado.gob.ar/votaciones/detalleActa/2622","ARRASCAETA, IVANNA MARCELA","lla","LLA","AFIRMATIVO"
"Inocencia Fiscal","senadores","5465","2622","26/12/2025 - 23:15","https://www.senado.gob.ar/votaciones/detalleActa/2622","ATAUCHE, EZEQUIEL","lla","LLA","AFIRMATIVO"
"Inocencia Fiscal","senadores","5465","2622","26/12/2025 - 23:15","https://www.senado.gob.ar/votaciones/detalleActa/2622","AVILA, BEATRIZ LUISA","oth","Otros","AFIRMATIVO"
"Inocencia Fiscal","senadores","5465","2622","26/12/2025 - 23:15","https://www.senado.gob.ar/votaciones/detalleActa/2622","BEDIA, VILMA FACUNDA","lla","LLA","AFIRMATIVO"
"Inocencia Fiscal","senadores","5465","2622","26/12/2025 - 23:15","https://www.senado.gob.ar/votaciones/detalleActa/2622","BENEGAS LYNCH, JOAQUIN ALBERTO","lla","LLA","AFIRMATIVO"
"Inocencia Fiscal","senadores","5465","2622","26/12/2025 - 23:15","https://www.senado.gob.ar/votaciones/detalleActa/2622","BULLRICH, PATRICIA","lla","LLA","AFIRMATIVO"
"Inocencia Fiscal","senadores","5465","2622","26/12/2025 - 23:15","https://www.senado.gob.ar/votaciones/detalleActa/2622","CARAMBIA, JOSE MARIA","oth","Otros","AFIRMATIVO"
"Inocencia Fiscal","senadores","5465","2622","26/12/2025 - 23:15","https://www.senado.gob.ar/votaciones/detalleActa/2622","CERVI, MARIO PABLO","lla","LLA","AFIRMATIVO"
"Inocencia Fiscal","senadores","5465","2622","26/12/2025 - 23:15","https://www.senado.gob.ar/votaciones/detalleActa/2622","CORROZA, JULIETA","oth","Otros","AFIRMATIVO"
"Inocencia Fiscal","senadores","5465","2622","26/12/2025 - 23:15","https://www.senado.gob.ar/votaciones/detalleActa/2622","COTO, AGUSTIN PEDRO","lla","LLA","AFIRMATIVO"
"Inocencia Fiscal","senadores","5465","2622","26/12/2025 - 23:15","https://www.senado.gob.ar/votaciones/detalleActa/2622","CRISTINA, ANDREA MARCELA","pro","JxC / PRO / UCR","AFIRMATIVO"
"Inocencia Fiscal","senadores","5465","2622","26/12/2025 - 23:15","https://www.senado.gob.ar/votaciones/detalleActa/2622","ESPINOLA, CARLOS MAURICIO","oth","Otros","AFIRMATIVO"
"Inocencia Fiscal","senadores","5465","2622","26/12/2025 - 23:15","https://www.senado.gob.ar/votaciones/detalleActa/2622","FAMA, FLAVIO SERGIO","ucr","UCR / ARI","AFIRMATIVO"
"Inocencia Fiscal","senadores","5465","2622","26/12/2025 - 23:15","https://www.senado.gob.ar/votaciones/detalleActa/2622","FULLONE, ENZO PAOLO","lla","LLA","AFIRMATIVO"
"Inocencia Fiscal","senadores","5465","2622","26/12/2025 - 23:15","https://www.senado.gob.ar/votaciones/detalleActa/2622","GADANO, NATALIA ELENA","oth","Otros","AFIRMATIVO"
"Inocencia Fiscal","senadores","5465","2622","26/12/2025 - 23:15","https://www.senado.gob.ar/votaciones/detalleActa/2622","GALARETTO, EDUARDO HORACIO","ucr","UCR / ARI","AFIRMATIVO"
"Inocencia Fiscal","senadores","5465","2622","26/12/2025 - 23:15","https://www.senado.gob.ar/votaciones/detalleActa/2622","GODOY, JUAN CRUZ","lla","LLA","AFIRMATIVO"
"Inocencia Fiscal","senadores","5465","2622","26/12/2025 - 23:15","https://www.senado.gob.ar/votaciones/detalleActa/2622","GOERLING LARA, ENRIQUE MARTIN","pro","JxC / PRO / UCR","AFIRMATIVO"
"Inocencia Fiscal","senadores","5465","2622","26/12/2025 - 23:15","https://www.senado.gob.ar/votaciones/detalleActa/2622","GUZMAN CORAITA, GONZALO","lla","LLA","AFIRMATIVO"
"Inocencia Fiscal","senadores","5465","2622","26/12/2025 - 23:15","https://www.senado.gob.ar/votaciones/detalleActa/2622","HUALA, MARIA VICTORIA","pro","JxC / PRO / UCR","AFIRMATIVO"
"Inocencia Fiscal","senadores","5465","2622","26/12/2025 - 23:15","https://www.senado.gob.ar/votaciones/detalleActa/2622","JUEZ, LUIS ALFREDO","lla","LLA","AFIRMATIVO"
"Inocencia Fiscal","senadores","5465","2622","26/12/2025 - 23:15","https://www.senado.gob.ar/votaciones/detalleActa/2622","JURI, MARIANA","ucr","UCR / ARI","AFIRMATIVO"
"Inocencia Fiscal","senadores","5465","2622","26/12/2025 - 23:15","https://www.senado.gob.ar/votaciones/detalleActa/2622","KRONEBERGER, DANIEL RICARDO","ucr","UCR / ARI","AFIRMATIVO"
"Inocencia Fiscal","senadores","5465","2622","26/12/2025 - 23:15","https://www.senado.gob.ar/votaciones/detalleActa/2622","LOSADA, CAROLINA","ucr","UCR / ARI","AFIRMATIVO"
"Inocencia Fiscal","senadores","5465","2622","26/12/2025 - 23:15","https://www.senado.gob.ar/votaciones/detalleActa/2622","MARQUEZ, NADIA JUDITH","lla","LLA","AFIRMATIVO"
"Inocencia Fiscal","senadores","5465","2622","26/12/2025 - 23:15","https://www.senado.gob.ar/votaciones/detalleActa/2622","MONTE DE OCA, MARIA BELEN","lla","LLA","AFIRMATIVO"
"Inocencia Fiscal","senadores","5465","2622","26/12/2025 - 23:15","https://www.senado.gob.ar/votaciones/detalleActa/2622","MONTEVERDE, AGUSTIN ANIBAL","lla","LLA","AFIRMATIVO"
"Inocencia Fiscal","senadores","5465","2622","26/12/2025 - 23:15","https://www.senado.gob.ar/votaciones/detalleActa/2622","OLIVERA LUCERO, BRUNO ANTONIO","lla","LLA","AFIRMATIVO"
"Inocencia Fiscal","senadores","5465","2622","26/12/2025 - 23:15","https://www.senado.gob.ar/votaciones/detalleActa/2622","OROZCO, MARIA EMILIA","lla","LLA","AFIRMATIVO"
"Inocencia Fiscal","senadores","5465","2622","26/12/2025 - 23:15","https://www.senado.gob.ar/votaciones/detalleActa/2622","PAGOTTO, JUAN CARLOS","lla","LLA","AFIRMATIVO"
"Inocencia Fiscal","senadores","5465","2622","26/12/2025 - 23:15","https://www.senado.gob.ar/votaciones/detalleActa/2622","PAOLTRONI, FRANCISCO MANUEL","lla","LLA","AFIRMATIVO"
"Inocencia Fiscal","senadores","5465","2622","26/12/2025 - 23:15","https://www.senado.gob.ar/votaciones/detalleActa/2622","ROJAS DECUT, SONIA ELIZABETH","pj","PJ / Union por la Patria","AFIRMATIVO"
"Inocencia Fiscal","senadores","5465","2622","26/12/2025 - 23:15","https://www.senado.gob.ar/votaciones/detalleActa/2622","ROYON, FLAVIA GABRIELA","oth","Otros","AFIRMATIVO"
"Inocencia Fiscal","senadores","5465","2622","26/12/2025 - 23:15","https://www.senado.gob.ar/votaciones/detalleActa/2622","SCHNEIDER, SILVANA LORENA","ucr","UCR / ARI","AFIRMATIVO"
"Inocencia Fiscal","senadores","5465","2622","26/12/2025 - 23:15","https://www.senado.gob.ar/votaciones/detalleActa/2622","SUAREZ, RODOLFO ALEJANDRO","ucr","UCR / ARI","AFIRMATIVO"
"Inocencia Fiscal","senadores","5465","2622","26/12/2025 - 23:15","https://www.senado.gob.ar/votaciones/detalleActa/2622","TERENZI, EDITH ELIZABETH","oth","Otros","AFIRMATIVO"
"Inocencia Fiscal","senadores","5465","2622","26/12/2025 - 23:15","https://www.senado.gob.ar/votaciones/detalleActa/2622","VALENZUELA, MERCEDES GABRIELA","ucr","UCR / ARI","AFIRMATIVO"
"Inocencia Fiscal","senadores","5465","2622","26/12/2025 - 23:15","https://www.senado.gob.ar/votaciones/detalleActa/2622","VISCHI, EDUARDO ALEJANDRO","ucr","UCR / ARI","AFIRMATIVO"
"Inocencia Fiscal","senadores","5465","2622","26/12/2025 - 23:15","https://www.senado.gob.ar/votaciones/detalleActa/2622","ANDRADA, GUILLERMO EDUARDO","oth","Otros","AUSENTE"
"Inocencia Fiscal","senadores","5465","2622","26/12/2025 - 23:15","https://www.senado.gob.ar/votaciones/detalleActa/2622","UNAC, SERGIO MAURICIO","pj","PJ / Union por la Patria","AUSENTE"
"Inocencia Fiscal","senadores","5465","2622","26/12/2025 - 23:15","https://www.senado.gob.ar/votaciones/detalleActa/2622","VIGO, ALEJANDRA MARIA","oth","Otros","AUSENTE"
"Inocencia Fiscal","senadores","5465","2622","26/12/2025 - 23:15","https://www.senado.gob.ar/votaciones/detalleActa/2622","BAHL, ADAN HUMBERTO","pj","PJ / Union por la Patria","NEGATIVO"
"Inocencia Fiscal","senadores","5465","2622","26/12/2025 - 23:15","https://www.senado.gob.ar/votaciones/detalleActa/2622","BENSUSAN, DANIEL PABLO","pj","PJ / Union por la Patria","NEGATIVO"
"Inocencia Fiscal","senadores","5465","2622","26/12/2025 - 23:15","https://www.senado.gob.ar/votaciones/detalleActa/2622","CAPITANICH, JORGE MILTON","pj","PJ / Union por la Patria","NEGATIVO"
"Inocencia Fiscal","senadores","5465","2622","26/12/2025 - 23:15","https://www.senado.gob.ar/votaciones/detalleActa/2622","CORPACCI, LUCIA BENIGNA","pj","PJ / Union por la Patria","NEGATIVO"
"Inocencia Fiscal","senadores","5465","2622","26/12/2025 - 23:15","https://www.senado.gob.ar/votaciones/detalleActa/2622","DE PEDRO, EDUARDO ENRIQUE","pj","PJ / Union por la Patria","NEGATIVO"
"Inocencia Fiscal","senadores","5465","2622","26/12/2025 - 23:15","https://www.senado.gob.ar/votaciones/detalleActa/2622","DI TULLIO, JULIANA","pj","PJ / Union por la Patria","NEGATIVO"
"Inocencia Fiscal","senadores","5465","2622","26/12/2025 - 23:15","https://www.senado.gob.ar/votaciones/detalleActa/2622","FERNANDEZ SAGASTI, ANABEL","pj","PJ / Union por la Patria","NEGATIVO"
"Inocencia Fiscal","senadores","5465","2622","26/12/2025 - 23:15","https://www.senado.gob.ar/votaciones/detalleActa/2622","GIMENEZ NAVARRO, MARIA CELESTE","pj","PJ / Union por la Patria","NEGATIVO"
"Inocencia Fiscal","senadores","5465","2622","26/12/2025 - 23:15","https://www.senado.gob.ar/votaciones/detalleActa/2622","GONZALEZ, MARIA TERESA MARGARITA","pj","PJ / Union por la Patria","NEGATIVO"
"Inocencia Fiscal","senadores","5465","2622","26/12/2025 - 23:15","https://www.senado.gob.ar/votaciones/detalleActa/2622","KIRCHNER, ALICIA MARGARITA ANTONIA","pj","PJ / Union por la Patria","NEGATIVO"
"Inocencia Fiscal","senadores","5465","2622","26/12/2025 - 23:15","https://www.senado.gob.ar/votaciones/detalleActa/2622","LEWANDOWSKI, MARCELO NESTOR","pj","PJ / Union por la Patria","NEGATIVO"
"Inocencia Fiscal","senadores","5465","2622","26/12/2025 - 23:15","https://www.senado.gob.ar/votaciones/detalleActa/2622","LINARES, CARLOS ALBERTO","pj","PJ / Union por la Patria","NEGATIVO"
"Inocencia Fiscal","senadores","5465","2622","26/12/2025 - 23:15","https://www.senado.gob.ar/votaciones/detalleActa/2622","LOPEZ, CANDIDA CRISTINA","pj","PJ / Union por la Patria","NEGATIVO"
"Inocencia Fiscal","senadores","5465","2622","26/12/2025 - 23:15","https://www.senado.gob.ar/votaciones/detalleActa/2622","LOPEZ, MARIA FLORENCIA","pj","PJ / Union por la Patria","NEGATIVO"
"Inocencia Fiscal","senadores","5465","2622","26/12/2025 - 23:15","https://www.senado.gob.ar/votaciones/detalleActa/2622","MANZUR, JUAN LUIS","pj","PJ / Union por la Patria","NEGATIVO"
"Inocencia Fiscal","senadores","5465","2622","26/12/2025 - 23:15","https://www.senado.gob.ar/votaciones/detalleActa/2622","MARKS, ANA INES","pj","PJ / Union por la Patria","NEGATIVO"
"Inocencia Fiscal","senadores","5465","2622","26/12/2025 - 23:15","https://www.senado.gob.ar/votaciones/detalleActa/2622","MAYANS, JOSE MIGUEL ANGEL","pj","PJ / Union por la Patria","NEGATIVO"
"Inocencia Fiscal","senadores","5465","2622","26/12/2025 - 23:15","https://www.senado.gob.ar/votaciones/detalleActa/2622","MENDOZA, SANDRA MARIELA","oth","Otros","NEGATIVO"
"Inocencia Fiscal","senadores","5465","2622","26/12/2025 - 23:15","https://www.senado.gob.ar/votaciones/detalleActa/2622","MOISES, MARIA CAROLINA","oth","Otros","NEGATIVO"
"Inocencia Fiscal","senadores","5465","2622","26/12/2025 - 23:15","https://www.senado.gob.ar/votaciones/detalleActa/2622","MORENO, ELIA ESTHER DEL CARMEN","pj","PJ / Union por la Patria","NEGATIVO"
"Inocencia Fiscal","senadores","5465","2622","26/12/2025 - 23:15","https://www.senado.gob.ar/votaciones/detalleActa/2622","NEDER, JOSE EMILIO","pj","PJ / Union por la Patria","NEGATIVO"
"Inocencia Fiscal","senadores","5465","2622","26/12/2025 - 23:15","https://www.senado.gob.ar/votaciones/detalleActa/2622","RECALDE, MARIANO","pj","PJ / Union por la Patria","NEGATIVO"
"Inocencia Fiscal","senadores","5465","2622","26/12/2025 - 23:15","https://www.senado.gob.ar/votaciones/detalleActa/2622","REJAL, JESUS FERNANDO","oth","Otros","NEGATIVO"
"Inocencia Fiscal","senadores","5465","2622","26/12/2025 - 23:15","https://www.senado.gob.ar/votaciones/detalleActa/2622","SALINO, FERNANDO ALDO","oth","Otros","NEGATIVO"
"Inocencia Fiscal","senadores","5465","2622","26/12/2025 - 23:15","https://www.senado.gob.ar/votaciones/detalleActa/2622","SORIA, MARTIN IGNACIO","pj","PJ / Union por la Patria","NEGATIVO"
"Inocencia Fiscal","senadores","5465","2622","26/12/2025 - 23:15","https://www.senado.gob.ar/votaciones/detalleActa/2622","ZAMORA, GERARDO","pj","PJ / Union por la Patria","NEGATIVO"
"Inocencia Fiscal","diputados","5459","5838","18/12/2025 - 02:33","https://votaciones.hcdn.gob.ar/votacion/5838","FERNANDEZ, JORGE","oth","Otros","ABSTENCION"
"Inocencia Fiscal","diputados","5459","5838","18/12/2025 - 02:33","https://votaciones.hcdn.gob.ar/votacion/5838","TORRES, ALEJANDRA","oth","Otros","ABSTENCION"
"Inocencia Fiscal","diputados","5459","5838","18/12/2025 - 02:33","https://votaciones.hcdn.gob.ar/votacion/5838","AGUERO, GUILLERMO CESAR","ucr","UCR / ARI","AFIRMATIVO"
"Inocencia Fiscal","diputados","5459","5838","18/12/2025 - 02:33","https://votaciones.hcdn.gob.ar/votacion/5838","AJMECHET, SABRINA","lla","LLA","AFIRMATIVO"
"Inocencia Fiscal","diputados","5459","5838","18/12/2025 - 02:33","https://votaciones.hcdn.gob.ar/votacion/5838","ALMENA, CARLOS ALBERTO","lla","LLA","AFIRMATIVO"
"Inocencia Fiscal","diputados","5459","5838","18/12/2025 - 02:33","https://votaciones.hcdn.gob.ar/votacion/5838","ALMIRON, LISANDRO","lla","LLA","AFIRMATIVO"
"Inocencia Fiscal","diputados","5459","5838","18/12/2025 - 02:33","https://votaciones.hcdn.gob.ar/votacion/5838","ALVAREZ, CLAUDIO","oth","Otros","AFIRMATIVO"
"Inocencia Fiscal","diputados","5459","5838","18/12/2025 - 02:33","https://votaciones.hcdn.gob.ar/votacion/5838","ANDREUSSI, BARBARA","lla","LLA","AFIRMATIVO"
"Inocencia Fiscal","diputados","5459","5838","18/12/2025 - 02:33","https://votaciones.hcdn.gob.ar/votacion/5838","ANSALONI, PABLO","lla","LLA","AFIRMATIVO"
"Inocencia Fiscal","diputados","5459","5838","18/12/2025 - 02:33","https://votaciones.hcdn.gob.ar/votacion/5838","ARABIA, DAMIAN","lla","LLA","AFIRMATIVO"
"Inocencia Fiscal","diputados","5459","5838","18/12/2025 - 02:33","https://votaciones.hcdn.gob.ar/votacion/5838","ARDOHAIN, MARTIN","pro","JxC / PRO / UCR","AFIRMATIVO"
"Inocencia Fiscal","diputados","5459","5838","18/12/2025 - 02:33","https://votaciones.hcdn.gob.ar/votacion/5838","ARRUA, ALBERTO","oth","Otros","AFIRMATIVO"
"Inocencia Fiscal","diputados","5459","5838","18/12/2025 - 02:33","https://votaciones.hcdn.gob.ar/votacion/5838","AVICO, BELEN","lla","LLA","AFIRMATIVO"
"Inocencia Fiscal","diputados","5459","5838","18/12/2025 - 02:33","https://votaciones.hcdn.gob.ar/votacion/5838","AVILA, FERNANDA","oth","Otros","AFIRMATIVO"
"Inocencia Fiscal","diputados","5459","5838","18/12/2025 - 02:33","https://votaciones.hcdn.gob.ar/votacion/5838","BANFI, KARINA","oth","Otros","AFIRMATIVO"
"Inocencia Fiscal","diputados","5459","5838","18/12/2025 - 02:33","https://votaciones.hcdn.gob.ar/votacion/5838","BASUALDO, ATILIO","lla","LLA","AFIRMATIVO"
"Inocencia Fiscal","diputados","5459","5838","18/12/2025 - 02:33","https://votaciones.hcdn.gob.ar/votacion/5838","BECERRA, MONICA","lla","LLA","AFIRMATIVO"
"Inocencia Fiscal","diputados","5459","5838","18/12/2025 - 02:33","https://votaciones.hcdn.gob.ar/votacion/5838","BENEDIT, BELTRAN","lla","LLA","AFIRMATIVO"
"Inocencia Fiscal","diputados","5459","5838","18/12/2025 - 02:33","https://votaciones.hcdn.gob.ar/votacion/5838","BENEGAS LYNCH, BERTIE","lla","LLA","AFIRMATIVO"
"Inocencia Fiscal","diputados","5459","5838","18/12/2025 - 02:33","https://votaciones.hcdn.gob.ar/votacion/5838","BIANCHETTI, EMMANUEL","pro","JxC / PRO / UCR","AFIRMATIVO"
"Inocencia Fiscal","diputados","5459","5838","18/12/2025 - 02:33","https://votaciones.hcdn.gob.ar/votacion/5838","BONACCI, ROCIO","lla","LLA","AFIRMATIVO"
"Inocencia Fiscal","diputados","5459","5838","18/12/2025 - 02:33","https://votaciones.hcdn.gob.ar/votacion/5838","BONGIOVANNI, ALEJANDRO","lla","LLA","AFIRMATIVO"
"Inocencia Fiscal","diputados","5459","5838","18/12/2025 - 02:33","https://votaciones.hcdn.gob.ar/votacion/5838","BORNORONI, GABRIEL","lla","LLA","AFIRMATIVO"
"Inocencia Fiscal","diputados","5459","5838","18/12/2025 - 02:33","https://votaciones.hcdn.gob.ar/votacion/5838","BRIZUELA, ADRIAN","lla","LLA","AFIRMATIVO"
"Inocencia Fiscal","diputados","5459","5838","18/12/2025 - 02:33","https://votaciones.hcdn.gob.ar/votacion/5838","BRUNO, ELIANA","lla","LLA","AFIRMATIVO"
"Inocencia Fiscal","diputados","5459","5838","18/12/2025 - 02:33","https://votaciones.hcdn.gob.ar/votacion/5838","CAMPERO, MARIANO","lla","LLA","AFIRMATIVO"
"Inocencia Fiscal","diputados","5459","5838","18/12/2025 - 02:33","https://votaciones.hcdn.gob.ar/votacion/5838","CAPOZZI, SERGIO EDUARDO","oth","Otros","AFIRMATIVO"
"Inocencia Fiscal","diputados","5459","5838","18/12/2025 - 02:33","https://votaciones.hcdn.gob.ar/votacion/5838","CARRANCIO, ALEJANDRO","lla","LLA","AFIRMATIVO"
"Inocencia Fiscal","diputados","5459","5838","18/12/2025 - 02:33","https://votaciones.hcdn.gob.ar/votacion/5838","CASTELNUOVO, GISELLE","lla","LLA","AFIRMATIVO"
"Inocencia Fiscal","diputados","5459","5838","18/12/2025 - 02:33","https://votaciones.hcdn.gob.ar/votacion/5838","CHICONI, ABEL","lla","LLA","AFIRMATIVO"
"Inocencia Fiscal","diputados","5459","5838","18/12/2025 - 02:33","https://votaciones.hcdn.gob.ar/votacion/5838","CIPOLINI, GERARDO","ucr","UCR / ARI","AFIRMATIVO"
"Inocencia Fiscal","diputados","5459","5838","18/12/2025 - 02:33","https://votaciones.hcdn.gob.ar/votacion/5838","CORREA LLANO, FACUNDO","lla","LLA","AFIRMATIVO"
"Inocencia Fiscal","diputados","5459","5838","18/12/2025 - 02:33","https://votaciones.hcdn.gob.ar/votacion/5838","DE ANDREIS, FERNANDO","pro","JxC / PRO / UCR","AFIRMATIVO"
"Inocencia Fiscal","diputados","5459","5838","18/12/2025 - 02:33","https://votaciones.hcdn.gob.ar/votacion/5838","DE SENSI, MARIA FLORENCIA","pro","JxC / PRO / UCR","AFIRMATIVO"
"Inocencia Fiscal","diputados","5459","5838","18/12/2025 - 02:33","https://votaciones.hcdn.gob.ar/votacion/5838","DIEZ, ROMINA","lla","LLA","AFIRMATIVO"
"Inocencia Fiscal","diputados","5459","5838","18/12/2025 - 02:33","https://votaciones.hcdn.gob.ar/votacion/5838","EMMA, NICOLAS","lla","LLA","AFIRMATIVO"
"Inocencia Fiscal","diputados","5459","5838","18/12/2025 - 02:33","https://votaciones.hcdn.gob.ar/votacion/5838","FALCONE, EDUARDO","oth","Otros","AFIRMATIVO"
"Inocencia Fiscal","diputados","5459","5838","18/12/2025 - 02:33","https://votaciones.hcdn.gob.ar/votacion/5838","FARGOSI, ALEJANDRO","lla","LLA","AFIRMATIVO"
"Inocencia Fiscal","diputados","5459","5838","18/12/2025 - 02:33","https://votaciones.hcdn.gob.ar/votacion/5838","FERNANDEZ MOLERO, DAIANA","pro","JxC / PRO / UCR","AFIRMATIVO"
"Inocencia Fiscal","diputados","5459","5838","18/12/2025 - 02:33","https://votaciones.hcdn.gob.ar/votacion/5838","FERNANDEZ, ELIA MARINA","oth","Otros","AFIRMATIVO"
"Inocencia Fiscal","diputados","5459","5838","18/12/2025 - 02:33","https://votaciones.hcdn.gob.ar/votacion/5838","FERREYRA, ALIDA","lla","LLA","AFIRMATIVO"
"Inocencia Fiscal","diputados","5459","5838","18/12/2025 - 02:33","https://votaciones.hcdn.gob.ar/votacion/5838","FIGLIUOLO, SERGIO","lla","LLA","AFIRMATIVO"
"Inocencia Fiscal","diputados","5459","5838","18/12/2025 - 02:33","https://votaciones.hcdn.gob.ar/votacion/5838","FINOCCHIARO, ALEJANDRO","pro","JxC / PRO / UCR","AFIRMATIVO"
"Inocencia Fiscal","diputados","5459","5838","18/12/2025 - 02:33","https://votaciones.hcdn.gob.ar/votacion/5838","FLORES, MARIA GABRIELA","lla","LLA","AFIRMATIVO"
"Inocencia Fiscal","diputados","5459","5838","18/12/2025 - 02:33","https://votaciones.hcdn.gob.ar/votacion/5838","FREGONESE, ALICIA","pro","JxC / PRO / UCR","AFIRMATIVO"
"Inocencia Fiscal","diputados","5459","5838","18/12/2025 - 02:33","https://votaciones.hcdn.gob.ar/votacion/5838","FRIAS, MAIRA","lla","LLA","AFIRMATIVO"
"Inocencia Fiscal","diputados","5459","5838","18/12/2025 - 02:33","https://votaciones.hcdn.gob.ar/votacion/5838","GALLARDO, MARIA VIRGINIA","lla","LLA","AFIRMATIVO"
"Inocencia Fiscal","diputados","5459","5838","18/12/2025 - 02:33","https://votaciones.hcdn.gob.ar/votacion/5838","GARCIA, ALVARO","lla","LLA","AFIRMATIVO"
"Inocencia Fiscal","diputados","5459","5838","18/12/2025 - 02:33","https://votaciones.hcdn.gob.ar/votacion/5838","GARCIA, CARLOS","lla","LLA","AFIRMATIVO"
"Inocencia Fiscal","diputados","5459","5838","18/12/2025 - 02:33","https://votaciones.hcdn.gob.ar/votacion/5838","GARRIDO, JOSE LUIS","oth","Otros","AFIRMATIVO"
"Inocencia Fiscal","diputados","5459","5838","18/12/2025 - 02:33","https://votaciones.hcdn.gob.ar/votacion/5838","GIAMPIERI, ANTONELA","pro","JxC / PRO / UCR","AFIRMATIVO"
"Inocencia Fiscal","diputados","5459","5838","18/12/2025 - 02:33","https://votaciones.hcdn.gob.ar/votacion/5838","GIUDICI, SILVANA","lla","LLA","AFIRMATIVO"
"Inocencia Fiscal","diputados","5459","5838","18/12/2025 - 02:33","https://votaciones.hcdn.gob.ar/votacion/5838","GOITIA, ROSARIO","lla","LLA","AFIRMATIVO"
"Inocencia Fiscal","diputados","5459","5838","18/12/2025 - 02:33","https://votaciones.hcdn.gob.ar/votacion/5838","GONZALES, ALFREDO","lla","LLA","AFIRMATIVO"
"Inocencia Fiscal","diputados","5459","5838","18/12/2025 - 02:33","https://votaciones.hcdn.gob.ar/votacion/5838","GONZALEZ ESTEVARENA, MARIA LUISA","lla","LLA","AFIRMATIVO"
"Inocencia Fiscal","diputados","5459","5838","18/12/2025 - 02:33","https://votaciones.hcdn.gob.ar/votacion/5838","GONZALEZ, DIOGENES IGNACIO","ucr","UCR / ARI","AFIRMATIVO"
"Inocencia Fiscal","diputados","5459","5838","18/12/2025 - 02:33","https://votaciones.hcdn.gob.ar/votacion/5838","GRUBER, MAURA","lla","LLA","AFIRMATIVO"
"Inocencia Fiscal","diputados","5459","5838","18/12/2025 - 02:33","https://votaciones.hcdn.gob.ar/votacion/5838","GUZMAN, JAIRO","lla","LLA","AFIRMATIVO"
"Inocencia Fiscal","diputados","5459","5838","18/12/2025 - 02:33","https://votaciones.hcdn.gob.ar/votacion/5838","HARTFIELD, DIEGO","lla","LLA","AFIRMATIVO"
"Inocencia Fiscal","diputados","5459","5838","18/12/2025 - 02:33","https://votaciones.hcdn.gob.ar/votacion/5838","HERRERA, OSCAR","oth","Otros","AFIRMATIVO"
"Inocencia Fiscal","diputados","5459","5838","18/12/2025 - 02:33","https://votaciones.hcdn.gob.ar/votacion/5838","HOLZMAN, PATRICIA","lla","LLA","AFIRMATIVO"
"Inocencia Fiscal","diputados","5459","5838","18/12/2025 - 02:33","https://votaciones.hcdn.gob.ar/votacion/5838","HUESEN, GERARDO","lla","LLA","AFIRMATIVO"
"Inocencia Fiscal","diputados","5459","5838","18/12/2025 - 02:33","https://votaciones.hcdn.gob.ar/votacion/5838","HUMENUK, GLADYS","lla","LLA","AFIRMATIVO"
"Inocencia Fiscal","diputados","5459","5838","18/12/2025 - 02:33","https://votaciones.hcdn.gob.ar/votacion/5838","IBANEZ, MARIA CECILIA","lla","LLA","AFIRMATIVO"
"Inocencia Fiscal","diputados","5459","5838","18/12/2025 - 02:33","https://votaciones.hcdn.gob.ar/votacion/5838","JAIME QUIROGA, CARLOS GUSTAVO","oth","Otros","AFIRMATIVO"
"Inocencia Fiscal","diputados","5459","5838","18/12/2025 - 02:33","https://votaciones.hcdn.gob.ar/votacion/5838","LAUMANN, ANDRES ARIEL","lla","LLA","AFIRMATIVO"
"Inocencia Fiscal","diputados","5459","5838","18/12/2025 - 02:33","https://votaciones.hcdn.gob.ar/votacion/5838","LEMOINE, LILIA","lla","LLA","AFIRMATIVO"
"Inocencia Fiscal","diputados","5459","5838","18/12/2025 - 02:33","https://votaciones.hcdn.gob.ar/votacion/5838","LEONE, ANDRES","lla","LLA","AFIRMATIVO"
"Inocencia Fiscal","diputados","5459","5838","18/12/2025 - 02:33","https://votaciones.hcdn.gob.ar/votacion/5838","LLANO, MERCEDES","lla","LLA","AFIRMATIVO"
"Inocencia Fiscal","diputados","5459","5838","18/12/2025 - 02:33","https://votaciones.hcdn.gob.ar/votacion/5838","LLUCH, ENRIQUE","lla","LLA","AFIRMATIVO"
"Inocencia Fiscal","diputados","5459","5838","18/12/2025 - 02:33","https://votaciones.hcdn.gob.ar/votacion/5838","LONGO, JOHANNA SABRINA","lla","LLA","AFIRMATIVO"
"Inocencia Fiscal","diputados","5459","5838","18/12/2025 - 02:33","https://votaciones.hcdn.gob.ar/votacion/5838","MACYSZYN, LORENA","lla","LLA","AFIRMATIVO"
"Inocencia Fiscal","diputados","5459","5838","18/12/2025 - 02:33","https://votaciones.hcdn.gob.ar/votacion/5838","MARTINEZ, ALVARO","lla","LLA","AFIRMATIVO"
"Inocencia Fiscal","diputados","5459","5838","18/12/2025 - 02:33","https://votaciones.hcdn.gob.ar/votacion/5838","MAUREIRA, KARINA","oth","Otros","AFIRMATIVO"
"Inocencia Fiscal","diputados","5459","5838","18/12/2025 - 02:33","https://votaciones.hcdn.gob.ar/votacion/5838","MAYORAZ, NICOLAS","lla","LLA","AFIRMATIVO"
"Inocencia Fiscal","diputados","5459","5838","18/12/2025 - 02:33","https://votaciones.hcdn.gob.ar/votacion/5838","MEDINA, GLADYS","oth","Otros","AFIRMATIVO"
"Inocencia Fiscal","diputados","5459","5838","18/12/2025 - 02:33","https://votaciones.hcdn.gob.ar/votacion/5838","METRAL ASENSIO, JULIETA","lla","LLA","AFIRMATIVO"
"Inocencia Fiscal","diputados","5459","5838","18/12/2025 - 02:33","https://votaciones.hcdn.gob.ar/votacion/5838","MOLINUEVO, SOLEDAD","lla","LLA","AFIRMATIVO"
"Inocencia Fiscal","diputados","5459","5838","18/12/2025 - 02:33","https://votaciones.hcdn.gob.ar/votacion/5838","MONDACA, SOLEDAD","lla","LLA","AFIRMATIVO"
"Inocencia Fiscal","diputados","5459","5838","18/12/2025 - 02:33","https://votaciones.hcdn.gob.ar/votacion/5838","MONGUILLOT, FERNANDO","oth","Otros","AFIRMATIVO"
"Inocencia Fiscal","diputados","5459","5838","18/12/2025 - 02:33","https://votaciones.hcdn.gob.ar/votacion/5838","MONTENEGRO, GUILLERMO TRISTAN","lla","LLA","AFIRMATIVO"
"Inocencia Fiscal","diputados","5459","5838","18/12/2025 - 02:33","https://votaciones.hcdn.gob.ar/votacion/5838","MONTENEGRO, JUAN PABLO","lla","LLA","AFIRMATIVO"
"Inocencia Fiscal","diputados","5459","5838","18/12/2025 - 02:33","https://votaciones.hcdn.gob.ar/votacion/5838","MORCHIO, FRANCISCO","lla","LLA","AFIRMATIVO"
"Inocencia Fiscal","diputados","5459","5838","18/12/2025 - 02:33","https://votaciones.hcdn.gob.ar/votacion/5838","MORENO OVALLE, JULIO","lla","LLA","AFIRMATIVO"
"Inocencia Fiscal","diputados","5459","5838","18/12/2025 - 02:33","https://votaciones.hcdn.gob.ar/votacion/5838","MUNOZ, GABRIELA LUCIANA","lla","LLA","AFIRMATIVO"
"Inocencia Fiscal","diputados","5459","5838","18/12/2025 - 02:33","https://votaciones.hcdn.gob.ar/votacion/5838","NIERI, LISANDRO","ucr","UCR / ARI","AFIRMATIVO"
"Inocencia Fiscal","diputados","5459","5838","18/12/2025 - 02:33","https://votaciones.hcdn.gob.ar/votacion/5838","NIVEYRO, MIRIAM","lla","LLA","AFIRMATIVO"
"Inocencia Fiscal","diputados","5459","5838","18/12/2025 - 02:33","https://votaciones.hcdn.gob.ar/votacion/5838","NOBLEGA, SEBASTIAN","oth","Otros","AFIRMATIVO"
"Inocencia Fiscal","diputados","5459","5838","18/12/2025 - 02:33","https://votaciones.hcdn.gob.ar/votacion/5838","OJEDA, JOAQUIN","lla","LLA","AFIRMATIVO"
"Inocencia Fiscal","diputados","5459","5838","18/12/2025 - 02:33","https://votaciones.hcdn.gob.ar/votacion/5838","PAREJA, SEBASTIAN","lla","LLA","AFIRMATIVO"
"Inocencia Fiscal","diputados","5459","5838","18/12/2025 - 02:33","https://votaciones.hcdn.gob.ar/votacion/5838","PATINO BRIZUELA, MARCOS","lla","LLA","AFIRMATIVO"
"Inocencia Fiscal","diputados","5459","5838","18/12/2025 - 02:33","https://votaciones.hcdn.gob.ar/votacion/5838","PAULI, SANTIAGO","lla","LLA","AFIRMATIVO"
"Inocencia Fiscal","diputados","5459","5838","18/12/2025 - 02:33","https://votaciones.hcdn.gob.ar/votacion/5838","PELLEGRINI, AGUSTIN","lla","LLA","AFIRMATIVO"
"Inocencia Fiscal","diputados","5459","5838","18/12/2025 - 02:33","https://votaciones.hcdn.gob.ar/votacion/5838","PELLI, FEDERICO AGUSTIN","lla","LLA","AFIRMATIVO"
"Inocencia Fiscal","diputados","5459","5838","18/12/2025 - 02:33","https://votaciones.hcdn.gob.ar/votacion/5838","PELUC, JOSE","lla","LLA","AFIRMATIVO"
"Inocencia Fiscal","diputados","5459","5838","18/12/2025 - 02:33","https://votaciones.hcdn.gob.ar/votacion/5838","PETRI, LUIS","lla","LLA","AFIRMATIVO"
"Inocencia Fiscal","diputados","5459","5838","18/12/2025 - 02:33","https://votaciones.hcdn.gob.ar/votacion/5838","PETROVICH, MARIA LORENA","lla","LLA","AFIRMATIVO"
"Inocencia Fiscal","diputados","5459","5838","18/12/2025 - 02:33","https://votaciones.hcdn.gob.ar/votacion/5838","PICAT, LUIS ALBINO","lla","LLA","AFIRMATIVO"
"Inocencia Fiscal","diputados","5459","5838","18/12/2025 - 02:33","https://votaciones.hcdn.gob.ar/votacion/5838","PICON MARTINEZ, NANCY VIVIANA","oth","Otros","AFIRMATIVO"
"Inocencia Fiscal","diputados","5459","5838","18/12/2025 - 02:33","https://votaciones.hcdn.gob.ar/votacion/5838","PONCE, MARIA CELESTE","lla","LLA","AFIRMATIVO"
"Inocencia Fiscal","diputados","5459","5838","18/12/2025 - 02:33","https://votaciones.hcdn.gob.ar/votacion/5838","QUINTAR, MANUEL","lla","LLA","AFIRMATIVO"
"Inocencia Fiscal","diputados","5459","5838","18/12/2025 - 02:33","https://votaciones.hcdn.gob.ar/votacion/5838","RAVERA, VALENTINA","lla","LLA","AFIRMATIVO"
"Inocencia Fiscal","diputados","5459","5838","18/12/2025 - 02:33","https://votaciones.hcdn.gob.ar/votacion/5838","RAVIER, ADRIAN","lla","LLA","AFIRMATIVO"
"Inocencia Fiscal","diputados","5459","5838","18/12/2025 - 02:33","https://votaciones.hcdn.gob.ar/votacion/5838","RAZZINI, VERONICA","lla","LLA","AFIRMATIVO"
"Inocencia Fiscal","diputados","5459","5838","18/12/2025 - 02:33","https://votaciones.hcdn.gob.ar/votacion/5838","REICHARDT, KAREN","lla","LLA","AFIRMATIVO"
"Inocencia Fiscal","diputados","5459","5838","18/12/2025 - 02:33","https://votaciones.hcdn.gob.ar/votacion/5838","RIESCO, GASTON","lla","LLA","AFIRMATIVO"
"Inocencia Fiscal","diputados","5459","5838","18/12/2025 - 02:33","https://votaciones.hcdn.gob.ar/votacion/5838","RITONDO, CRISTIAN","pro","JxC / PRO / UCR","AFIRMATIVO"
"Inocencia Fiscal","diputados","5459","5838","18/12/2025 - 02:33","https://votaciones.hcdn.gob.ar/votacion/5838","ROCA, GONZALO","lla","LLA","AFIRMATIVO"
"Inocencia Fiscal","diputados","5459","5838","18/12/2025 - 02:33","https://votaciones.hcdn.gob.ar/votacion/5838","RODRIGUEZ MACHADO, LAURA ELENA","lla","LLA","AFIRMATIVO"
"Inocencia Fiscal","diputados","5459","5838","18/12/2025 - 02:33","https://votaciones.hcdn.gob.ar/votacion/5838","RODRIGUEZ, MIGUEL","lla","LLA","AFIRMATIVO"
"Inocencia Fiscal","diputados","5459","5838","18/12/2025 - 02:33","https://votaciones.hcdn.gob.ar/votacion/5838","RUIZ, YAMILA","oth","Otros","AFIRMATIVO"
"Inocencia Fiscal","diputados","5459","5838","18/12/2025 - 02:33","https://votaciones.hcdn.gob.ar/votacion/5838","SANCHEZ WRBA, JAVIER","pro","JxC / PRO / UCR","AFIRMATIVO"
"Inocencia Fiscal","diputados","5459","5838","18/12/2025 - 02:33","https://votaciones.hcdn.gob.ar/votacion/5838","SANTILLAN JUAREZ BRAHIM, JULIANA","lla","LLA","AFIRMATIVO"
"Inocencia Fiscal","diputados","5459","5838","18/12/2025 - 02:33","https://votaciones.hcdn.gob.ar/votacion/5838","SANTURIO, SANTIAGO","lla","LLA","AFIRMATIVO"
"Inocencia Fiscal","diputados","5459","5838","18/12/2025 - 02:33","https://votaciones.hcdn.gob.ar/votacion/5838","SCHNEIDER, DARIO","ucr","UCR / ARI","AFIRMATIVO"
"Inocencia Fiscal","diputados","5459","5838","18/12/2025 - 02:33","https://votaciones.hcdn.gob.ar/votacion/5838","SOLDANO, LAURA","lla","LLA","AFIRMATIVO"
"Inocencia Fiscal","diputados","5459","5838","18/12/2025 - 02:33","https://votaciones.hcdn.gob.ar/votacion/5838","TOMASSONI, YAMILE","lla","LLA","AFIRMATIVO"
"Inocencia Fiscal","diputados","5459","5838","18/12/2025 - 02:33","https://votaciones.hcdn.gob.ar/votacion/5838","TORRES, RUBEN DARIO","lla","LLA","AFIRMATIVO"
"Inocencia Fiscal","diputados","5459","5838","18/12/2025 - 02:33","https://votaciones.hcdn.gob.ar/votacion/5838","TORTORIELLO, ANIBAL","lla","LLA","AFIRMATIVO"
"Inocencia Fiscal","diputados","5459","5838","18/12/2025 - 02:33","https://votaciones.hcdn.gob.ar/votacion/5838","TOURNIER, JOSE FEDERICO","lla","LLA","AFIRMATIVO"
"Inocencia Fiscal","diputados","5459","5838","18/12/2025 - 02:33","https://votaciones.hcdn.gob.ar/votacion/5838","TREFFINGER, CESAR","lla","LLA","AFIRMATIVO"
"Inocencia Fiscal","diputados","5459","5838","18/12/2025 - 02:33","https://votaciones.hcdn.gob.ar/votacion/5838","URIEN, HERNAN","lla","LLA","AFIRMATIVO"
"Inocencia Fiscal","diputados","5459","5838","18/12/2025 - 02:33","https://votaciones.hcdn.gob.ar/votacion/5838","VANCSIK, DANIEL","oth","Otros","AFIRMATIVO"
"Inocencia Fiscal","diputados","5459","5838","18/12/2025 - 02:33","https://votaciones.hcdn.gob.ar/votacion/5838","VASQUEZ, PATRICIA","lla","LLA","AFIRMATIVO"
"Inocencia Fiscal","diputados","5459","5838","18/12/2025 - 02:33","https://votaciones.hcdn.gob.ar/votacion/5838","VEGA, YOLANDA","oth","Otros","AFIRMATIVO"
"Inocencia Fiscal","diputados","5459","5838","18/12/2025 - 02:33","https://votaciones.hcdn.gob.ar/votacion/5838","VERA, ANDREA FERNANDA","lla","LLA","AFIRMATIVO"
"Inocencia Fiscal","diputados","5459","5838","18/12/2025 - 02:33","https://votaciones.hcdn.gob.ar/votacion/5838","VERASAY, PAMELA FERNANDA","ucr","UCR / ARI","AFIRMATIVO"
"Inocencia Fiscal","diputados","5459","5838","18/12/2025 - 02:33","https://votaciones.hcdn.gob.ar/votacion/5838","VILLAVERDE, LORENA","lla","LLA","AFIRMATIVO"
"Inocencia Fiscal","diputados","5459","5838","18/12/2025 - 02:33","https://votaciones.hcdn.gob.ar/votacion/5838","VISCONTI, GINO","lla","LLA","AFIRMATIVO"
"Inocencia Fiscal","diputados","5459","5838","18/12/2025 - 02:33","https://votaciones.hcdn.gob.ar/votacion/5838","YEZA, MARTIN","pro","JxC / PRO / UCR","AFIRMATIVO"
"Inocencia Fiscal","diputados","5459","5838","18/12/2025 - 02:33","https://votaciones.hcdn.gob.ar/votacion/5838","ZAGO, OSCAR","oth","Otros","AFIRMATIVO"
"Inocencia Fiscal","diputados","5459","5838","18/12/2025 - 02:33","https://votaciones.hcdn.gob.ar/votacion/5838","ZAPATA, CARLOS RAUL","lla","LLA","AFIRMATIVO"
"Inocencia Fiscal","diputados","5459","5838","18/12/2025 - 02:33","https://votaciones.hcdn.gob.ar/votacion/5838",",","oth","Otros","AUSENTE"
"Inocencia Fiscal","diputados","5459","5838","18/12/2025 - 02:33","https://votaciones.hcdn.gob.ar/votacion/5838","AVEIRO, MARTIN","pj","PJ / Union por la Patria","AUSENTE"
"Inocencia Fiscal","diputados","5459","5838","18/12/2025 - 02:33","https://votaciones.hcdn.gob.ar/votacion/5838","AVILA, JORGE ANTONIO","oth","Otros","AUSENTE"
"Inocencia Fiscal","diputados","5459","5838","18/12/2025 - 02:33","https://votaciones.hcdn.gob.ar/votacion/5838","BIELLA, BERNARDO","oth","Otros","AUSENTE"
"Inocencia Fiscal","diputados","5459","5838","18/12/2025 - 02:33","https://votaciones.hcdn.gob.ar/votacion/5838","DAIVES, RICARDO","pj","PJ / Union por la Patria","AUSENTE"
"Inocencia Fiscal","diputados","5459","5838","18/12/2025 - 02:33","https://votaciones.hcdn.gob.ar/votacion/5838","FARIAS, PABLO","oth","Otros","AUSENTE"
"Inocencia Fiscal","diputados","5459","5838","18/12/2025 - 02:33","https://votaciones.hcdn.gob.ar/votacion/5838","FRADE, MONICA","cc","Coalicion Civica","AUSENTE"
"Inocencia Fiscal","diputados","5459","5838","18/12/2025 - 02:33","https://votaciones.hcdn.gob.ar/votacion/5838","FREITES, ANDREA","pj","PJ / Union por la Patria","AUSENTE"
"Inocencia Fiscal","diputados","5459","5838","18/12/2025 - 02:33","https://votaciones.hcdn.gob.ar/votacion/5838","GOMEZ, JOSE","pj","PJ / Union por la Patria","AUSENTE"
"Inocencia Fiscal","diputados","5459","5838","18/12/2025 - 02:33","https://votaciones.hcdn.gob.ar/votacion/5838","GONZALEZ, ALVARO","pro","JxC / PRO / UCR","AUSENTE"
"Inocencia Fiscal","diputados","5459","5838","18/12/2025 - 02:33","https://votaciones.hcdn.gob.ar/votacion/5838","GONZALEZ, GERARDO GUSTAVO","oth","Otros","AUSENTE"
"Inocencia Fiscal","diputados","5459","5838","18/12/2025 - 02:33","https://votaciones.hcdn.gob.ar/votacion/5838","NOGUERA, JAVIER","oth","Otros","AUSENTE"
"Inocencia Fiscal","diputados","5459","5838","18/12/2025 - 02:33","https://votaciones.hcdn.gob.ar/votacion/5838","OUTES, PABLO","oth","Otros","AUSENTE"
"Inocencia Fiscal","diputados","5459","5838","18/12/2025 - 02:33","https://votaciones.hcdn.gob.ar/votacion/5838","PICHETTO, MIGUEL ANGEL","oth","Otros","AUSENTE"
"Inocencia Fiscal","diputados","5459","5838","18/12/2025 - 02:33","https://votaciones.hcdn.gob.ar/votacion/5838","SNOPEK, GUILLERMO EUGENIO MARIO","pj","PJ / Union por la Patria","AUSENTE"
"Inocencia Fiscal","diputados","5459","5838","18/12/2025 - 02:33","https://votaciones.hcdn.gob.ar/votacion/5838","TAILHADE, RODOLFO","pj","PJ / Union por la Patria","AUSENTE"
"Inocencia Fiscal","diputados","5459","5838","18/12/2025 - 02:33","https://votaciones.hcdn.gob.ar/votacion/5838","TITA, PAULO AGUSTIN","pj","PJ / Union por la Patria","AUSENTE"
"Inocencia Fiscal","diputados","5459","5838","18/12/2025 - 02:33","https://votaciones.hcdn.gob.ar/votacion/5838","AGUIRRE, HILDA CLELIA","pj","PJ / Union por la Patria","NEGATIVO"
"Inocencia Fiscal","diputados","5459","5838","18/12/2025 - 02:33","https://votaciones.hcdn.gob.ar/votacion/5838","ALI, ERNESTO","pj","PJ / Union por la Patria","NEGATIVO"
"Inocencia Fiscal","diputados","5459","5838","18/12/2025 - 02:33","https://votaciones.hcdn.gob.ar/votacion/5838","ANDINO, CRISTIAN","pj","PJ / Union por la Patria","NEGATIVO"
"Inocencia Fiscal","diputados","5459","5838","18/12/2025 - 02:33","https://votaciones.hcdn.gob.ar/votacion/5838","ANDRADE, JAVIER","pj","PJ / Union por la Patria","NEGATIVO"
"Inocencia Fiscal","diputados","5459","5838","18/12/2025 - 02:33","https://votaciones.hcdn.gob.ar/votacion/5838","ARAUJO HERNANDEZ, JORGE NERI","pj","PJ / Union por la Patria","NEGATIVO"
"Inocencia Fiscal","diputados","5459","5838","18/12/2025 - 02:33","https://votaciones.hcdn.gob.ar/votacion/5838","ARRIETA, LOURDES MICAELA","oth","Otros","NEGATIVO"
"Inocencia Fiscal","diputados","5459","5838","18/12/2025 - 02:33","https://votaciones.hcdn.gob.ar/votacion/5838","BARBUR, MARCELO","pj","PJ / Union por la Patria","NEGATIVO"
"Inocencia Fiscal","diputados","5459","5838","18/12/2025 - 02:33","https://votaciones.hcdn.gob.ar/votacion/5838","BASTERRA, LUIS EUGENIO","pj","PJ / Union por la Patria","NEGATIVO"
"Inocencia Fiscal","diputados","5459","5838","18/12/2025 - 02:33","https://votaciones.hcdn.gob.ar/votacion/5838","BASUALDO, CAROLINA","oth","Otros","NEGATIVO"
"Inocencia Fiscal","diputados","5459","5838","18/12/2025 - 02:33","https://votaciones.hcdn.gob.ar/votacion/5838","BORDET, GUSTAVO","pj","PJ / Union por la Patria","NEGATIVO"
"Inocencia Fiscal","diputados","5459","5838","18/12/2025 - 02:33","https://votaciones.hcdn.gob.ar/votacion/5838","BORGATTA, ALEJANDRINA","pj","PJ / Union por la Patria","NEGATIVO"
"Inocencia Fiscal","diputados","5459","5838","18/12/2025 - 02:33","https://votaciones.hcdn.gob.ar/votacion/5838","BREGMAN, MYRIAM","oth","Otros","NEGATIVO"
"Inocencia Fiscal","diputados","5459","5838","18/12/2025 - 02:33","https://votaciones.hcdn.gob.ar/votacion/5838","BRUGGE, JUAN FERNANDO","oth","Otros","NEGATIVO"
"Inocencia Fiscal","diputados","5459","5838","18/12/2025 - 02:33","https://votaciones.hcdn.gob.ar/votacion/5838","CAFIERO, SANTIAGO","pj","PJ / Union por la Patria","NEGATIVO"
"Inocencia Fiscal","diputados","5459","5838","18/12/2025 - 02:33","https://votaciones.hcdn.gob.ar/votacion/5838","CAMPITELLI, CELIA","pj","PJ / Union por la Patria","NEGATIVO"
"Inocencia Fiscal","diputados","5459","5838","18/12/2025 - 02:33","https://votaciones.hcdn.gob.ar/votacion/5838","CAMPO, JULIETA MARISOL","pj","PJ / Union por la Patria","NEGATIVO"
"Inocencia Fiscal","diputados","5459","5838","18/12/2025 - 02:33","https://votaciones.hcdn.gob.ar/votacion/5838","CAMPORA, LUCIA","pj","PJ / Union por la Patria","NEGATIVO"
"Inocencia Fiscal","diputados","5459","5838","18/12/2025 - 02:33","https://votaciones.hcdn.gob.ar/votacion/5838","CARIGNANO, FLORENCIA","pj","PJ / Union por la Patria","NEGATIVO"
"Inocencia Fiscal","diputados","5459","5838","18/12/2025 - 02:33","https://votaciones.hcdn.gob.ar/votacion/5838","CASAS, SERGIO GUILLERMO","pj","PJ / Union por la Patria","NEGATIVO"
"Inocencia Fiscal","diputados","5459","5838","18/12/2025 - 02:33","https://votaciones.hcdn.gob.ar/votacion/5838","CASTAGNETO, CARLOS DANIEL","pj","PJ / Union por la Patria","NEGATIVO"
"Inocencia Fiscal","diputados","5459","5838","18/12/2025 - 02:33","https://votaciones.hcdn.gob.ar/votacion/5838","CHICA, JORGE","pj","PJ / Union por la Patria","NEGATIVO"
"Inocencia Fiscal","diputados","5459","5838","18/12/2025 - 02:33","https://votaciones.hcdn.gob.ar/votacion/5838","CISNEROS, CARLOS","pj","PJ / Union por la Patria","NEGATIVO"
"Inocencia Fiscal","diputados","5459","5838","18/12/2025 - 02:33","https://votaciones.hcdn.gob.ar/votacion/5838","COLETTA, MARIELA","oth","Otros","NEGATIVO"
"Inocencia Fiscal","diputados","5459","5838","18/12/2025 - 02:33","https://votaciones.hcdn.gob.ar/votacion/5838","DE LA ROSA, MARIA GRACIELA","pj","PJ / Union por la Patria","NEGATIVO"
"Inocencia Fiscal","diputados","5459","5838","18/12/2025 - 02:33","https://votaciones.hcdn.gob.ar/votacion/5838","DE LA SOTA, NATALIA","oth","Otros","NEGATIVO"
"Inocencia Fiscal","diputados","5459","5838","18/12/2025 - 02:33","https://votaciones.hcdn.gob.ar/votacion/5838","DEL CANO, NICOLAS","oth","Otros","NEGATIVO"
"Inocencia Fiscal","diputados","5459","5838","18/12/2025 - 02:33","https://votaciones.hcdn.gob.ar/votacion/5838","DEL PLA, ROMINA","oth","Otros","NEGATIVO"
"Inocencia Fiscal","diputados","5459","5838","18/12/2025 - 02:33","https://votaciones.hcdn.gob.ar/votacion/5838","DIAZ, FERNANDA","pj","PJ / Union por la Patria","NEGATIVO"
"Inocencia Fiscal","diputados","5459","5838","18/12/2025 - 02:33","https://votaciones.hcdn.gob.ar/votacion/5838","DOLCE, SERGIO","pj","PJ / Union por la Patria","NEGATIVO"
"Inocencia Fiscal","diputados","5459","5838","18/12/2025 - 02:33","https://votaciones.hcdn.gob.ar/votacion/5838","ESTEVEZ, GABRIELA BEATRIZ","pj","PJ / Union por la Patria","NEGATIVO"
"Inocencia Fiscal","diputados","5459","5838","18/12/2025 - 02:33","https://votaciones.hcdn.gob.ar/votacion/5838","FELIX, EMIR","pj","PJ / Union por la Patria","NEGATIVO"
"Inocencia Fiscal","diputados","5459","5838","18/12/2025 - 02:33","https://votaciones.hcdn.gob.ar/votacion/5838","FERRAN, ABELARDO","pj","PJ / Union por la Patria","NEGATIVO"
"Inocencia Fiscal","diputados","5459","5838","18/12/2025 - 02:33","https://votaciones.hcdn.gob.ar/votacion/5838","FERRARO, MAXIMILIANO","cc","Coalicion Civica","NEGATIVO"
"Inocencia Fiscal","diputados","5459","5838","18/12/2025 - 02:33","https://votaciones.hcdn.gob.ar/votacion/5838","GALMARINI, SEBASTIAN","pj","PJ / Union por la Patria","NEGATIVO"
"Inocencia Fiscal","diputados","5459","5838","18/12/2025 - 02:33","https://votaciones.hcdn.gob.ar/votacion/5838","GARCIA ARESCA, IGNACIO","oth","Otros","NEGATIVO"
"Inocencia Fiscal","diputados","5459","5838","18/12/2025 - 02:33","https://votaciones.hcdn.gob.ar/votacion/5838","GARCIA, MARIA TERESA","pj","PJ / Union por la Patria","NEGATIVO"
"Inocencia Fiscal","diputados","5459","5838","18/12/2025 - 02:33","https://votaciones.hcdn.gob.ar/votacion/5838","GIULIANO, DIEGO A.","pj","PJ / Union por la Patria","NEGATIVO"
"Inocencia Fiscal","diputados","5459","5838","18/12/2025 - 02:33","https://votaciones.hcdn.gob.ar/votacion/5838","GLINSKI, JOSE","pj","PJ / Union por la Patria","NEGATIVO"
"Inocencia Fiscal","diputados","5459","5838","18/12/2025 - 02:33","https://votaciones.hcdn.gob.ar/votacion/5838","GRABOIS, JUAN","pj","PJ / Union por la Patria","NEGATIVO"
"Inocencia Fiscal","diputados","5459","5838","18/12/2025 - 02:33","https://votaciones.hcdn.gob.ar/votacion/5838","GUTIERREZ, CARLOS","oth","Otros","NEGATIVO"
"Inocencia Fiscal","diputados","5459","5838","18/12/2025 - 02:33","https://votaciones.hcdn.gob.ar/votacion/5838","GUTIERREZ, RAMIRO","pj","PJ / Union por la Patria","NEGATIVO"
"Inocencia Fiscal","diputados","5459","5838","18/12/2025 - 02:33","https://votaciones.hcdn.gob.ar/votacion/5838","HADAD, RAUL","pj","PJ / Union por la Patria","NEGATIVO"
"Inocencia Fiscal","diputados","5459","5838","18/12/2025 - 02:33","https://votaciones.hcdn.gob.ar/votacion/5838","HAGMAN, ITAI","pj","PJ / Union por la Patria","NEGATIVO"
"Inocencia Fiscal","diputados","5459","5838","18/12/2025 - 02:33","https://votaciones.hcdn.gob.ar/votacion/5838","IANNI, ANA MARIA","pj","PJ / Union por la Patria","NEGATIVO"
"Inocencia Fiscal","diputados","5459","5838","18/12/2025 - 02:33","https://votaciones.hcdn.gob.ar/votacion/5838","JULIANO, PABLO","oth","Otros","NEGATIVO"
"Inocencia Fiscal","diputados","5459","5838","18/12/2025 - 02:33","https://votaciones.hcdn.gob.ar/votacion/5838","KIRCHNER, MAXIMO CARLOS","pj","PJ / Union por la Patria","NEGATIVO"
"Inocencia Fiscal","diputados","5459","5838","18/12/2025 - 02:33","https://votaciones.hcdn.gob.ar/votacion/5838","LANESAN SANCHO, MOIRA","pj","PJ / Union por la Patria","NEGATIVO"
"Inocencia Fiscal","diputados","5459","5838","18/12/2025 - 02:33","https://votaciones.hcdn.gob.ar/votacion/5838","LEIVA, ALDO","pj","PJ / Union por la Patria","NEGATIVO"
"Inocencia Fiscal","diputados","5459","5838","18/12/2025 - 02:33","https://votaciones.hcdn.gob.ar/votacion/5838","LOPEZ PASQUALI, CECILIA","pj","PJ / Union por la Patria","NEGATIVO"
"Inocencia Fiscal","diputados","5459","5838","18/12/2025 - 02:33","https://votaciones.hcdn.gob.ar/votacion/5838","LOPEZ, JIMENA","pj","PJ / Union por la Patria","NEGATIVO"
"Inocencia Fiscal","diputados","5459","5838","18/12/2025 - 02:33","https://votaciones.hcdn.gob.ar/votacion/5838","LOUSTEAU, MARTIN","oth","Otros","NEGATIVO"
"Inocencia Fiscal","diputados","5459","5838","18/12/2025 - 02:33","https://votaciones.hcdn.gob.ar/votacion/5838","LUQUE, JUAN PABLO","pj","PJ / Union por la Patria","NEGATIVO"
"Inocencia Fiscal","diputados","5459","5838","18/12/2025 - 02:33","https://votaciones.hcdn.gob.ar/votacion/5838","MANGO, MARCELO","pj","PJ / Union por la Patria","NEGATIVO"
"Inocencia Fiscal","diputados","5459","5838","18/12/2025 - 02:33","https://votaciones.hcdn.gob.ar/votacion/5838","MANRIQUE, MARIO","pj","PJ / Union por la Patria","NEGATIVO"
"Inocencia Fiscal","diputados","5459","5838","18/12/2025 - 02:33","https://votaciones.hcdn.gob.ar/votacion/5838","MARCLAY, MARIANELA","pj","PJ / Union por la Patria","NEGATIVO"
"Inocencia Fiscal","diputados","5459","5838","18/12/2025 - 02:33","https://votaciones.hcdn.gob.ar/votacion/5838","MARIN, VARINIA LIS","pj","PJ / Union por la Patria","NEGATIVO"
"Inocencia Fiscal","diputados","5459","5838","18/12/2025 - 02:33","https://votaciones.hcdn.gob.ar/votacion/5838","MARINO, JUAN","pj","PJ / Union por la Patria","NEGATIVO"
"Inocencia Fiscal","diputados","5459","5838","18/12/2025 - 02:33","https://votaciones.hcdn.gob.ar/votacion/5838","MARTINEZ, GERMAN PEDRO","pj","PJ / Union por la Patria","NEGATIVO"
"Inocencia Fiscal","diputados","5459","5838","18/12/2025 - 02:33","https://votaciones.hcdn.gob.ar/votacion/5838","MASSOT, NICOLAS","oth","Otros","NEGATIVO"
"Inocencia Fiscal","diputados","5459","5838","18/12/2025 - 02:33","https://votaciones.hcdn.gob.ar/votacion/5838","MICHEL, GUILLERMO","pj","PJ / Union por la Patria","NEGATIVO"
"Inocencia Fiscal","diputados","5459","5838","18/12/2025 - 02:33","https://votaciones.hcdn.gob.ar/votacion/5838","MINO, FERNANDA","pj","PJ / Union por la Patria","NEGATIVO"
"Inocencia Fiscal","diputados","5459","5838","18/12/2025 - 02:33","https://votaciones.hcdn.gob.ar/votacion/5838","MOLINA, JUAN CARLOS","pj","PJ / Union por la Patria","NEGATIVO"
"Inocencia Fiscal","diputados","5459","5838","18/12/2025 - 02:33","https://votaciones.hcdn.gob.ar/votacion/5838","MOLLE, MATIAS","pj","PJ / Union por la Patria","NEGATIVO"
"Inocencia Fiscal","diputados","5459","5838","18/12/2025 - 02:33","https://votaciones.hcdn.gob.ar/votacion/5838","MONZON, ROXANA","pj","PJ / Union por la Patria","NEGATIVO"
"Inocencia Fiscal","diputados","5459","5838","18/12/2025 - 02:33","https://votaciones.hcdn.gob.ar/votacion/5838","MOREAU, CECILIA","pj","PJ / Union por la Patria","NEGATIVO"
"Inocencia Fiscal","diputados","5459","5838","18/12/2025 - 02:33","https://votaciones.hcdn.gob.ar/votacion/5838","MOYANO, HUGO ANTONIO","pj","PJ / Union por la Patria","NEGATIVO"
"Inocencia Fiscal","diputados","5459","5838","18/12/2025 - 02:33","https://votaciones.hcdn.gob.ar/votacion/5838","MUKDISE, JORGE","pj","PJ / Union por la Patria","NEGATIVO"
"Inocencia Fiscal","diputados","5459","5838","18/12/2025 - 02:33","https://votaciones.hcdn.gob.ar/votacion/5838","NEDER, ESTELA MARY","pj","PJ / Union por la Patria","NEGATIVO"
"Inocencia Fiscal","diputados","5459","5838","18/12/2025 - 02:33","https://votaciones.hcdn.gob.ar/votacion/5838","NUNEZ, JOSE","oth","Otros","NEGATIVO"
"Inocencia Fiscal","diputados","5459","5838","18/12/2025 - 02:33","https://votaciones.hcdn.gob.ar/votacion/5838","OLMOS, KELLY","pj","PJ / Union por la Patria","NEGATIVO"
"Inocencia Fiscal","diputados","5459","5838","18/12/2025 - 02:33","https://votaciones.hcdn.gob.ar/votacion/5838","OSUNA, BLANCA INES","pj","PJ / Union por la Patria","NEGATIVO"
"Inocencia Fiscal","diputados","5459","5838","18/12/2025 - 02:33","https://votaciones.hcdn.gob.ar/votacion/5838","PAGANO, MARCELA MARINA","oth","Otros","NEGATIVO"
"Inocencia Fiscal","diputados","5459","5838","18/12/2025 - 02:33","https://votaciones.hcdn.gob.ar/votacion/5838","PALAZZO, SERGIO OMAR","pj","PJ / Union por la Patria","NEGATIVO"
"Inocencia Fiscal","diputados","5459","5838","18/12/2025 - 02:33","https://votaciones.hcdn.gob.ar/votacion/5838","PALLADINO, CLAUDIA MARIA","pj","PJ / Union por la Patria","NEGATIVO"
"Inocencia Fiscal","diputados","5459","5838","18/12/2025 - 02:33","https://votaciones.hcdn.gob.ar/votacion/5838","PAROLA, MARIA GRACIELA","pj","PJ / Union por la Patria","NEGATIVO"
"Inocencia Fiscal","diputados","5459","5838","18/12/2025 - 02:33","https://votaciones.hcdn.gob.ar/votacion/5838","PAULON, ESTEBAN","oth","Otros","NEGATIVO"
"Inocencia Fiscal","diputados","5459","5838","18/12/2025 - 02:33","https://votaciones.hcdn.gob.ar/votacion/5838","PEDRALI, GABRIELA","pj","PJ / Union por la Patria","NEGATIVO"
"Inocencia Fiscal","diputados","5459","5838","18/12/2025 - 02:33","https://votaciones.hcdn.gob.ar/votacion/5838","PENACCA, PAULA ANDREA","pj","PJ / Union por la Patria","NEGATIVO"
"Inocencia Fiscal","diputados","5459","5838","18/12/2025 - 02:33","https://votaciones.hcdn.gob.ar/votacion/5838","PIETRAGALLA CORTI, HORACIO","pj","PJ / Union por la Patria","NEGATIVO"
"Inocencia Fiscal","diputados","5459","5838","18/12/2025 - 02:33","https://votaciones.hcdn.gob.ar/votacion/5838","PITROLA, NESTOR","oth","Otros","NEGATIVO"
"Inocencia Fiscal","diputados","5459","5838","18/12/2025 - 02:33","https://votaciones.hcdn.gob.ar/votacion/5838","POKOIK, LORENA","pj","PJ / Union por la Patria","NEGATIVO"
"Inocencia Fiscal","diputados","5459","5838","18/12/2025 - 02:33","https://votaciones.hcdn.gob.ar/votacion/5838","POTENZA, LUCIANA","pj","PJ / Union por la Patria","NEGATIVO"
"Inocencia Fiscal","diputados","5459","5838","18/12/2025 - 02:33","https://votaciones.hcdn.gob.ar/votacion/5838","PROPATO, AGUSTINA LUCRECIA","pj","PJ / Union por la Patria","NEGATIVO"
"Inocencia Fiscal","diputados","5459","5838","18/12/2025 - 02:33","https://votaciones.hcdn.gob.ar/votacion/5838","RAUSCHENBERGER, ARIEL","pj","PJ / Union por la Patria","NEGATIVO"
"Inocencia Fiscal","diputados","5459","5838","18/12/2025 - 02:33","https://votaciones.hcdn.gob.ar/votacion/5838","RIZZOTTI, JORGE","oth","Otros","NEGATIVO"
"Inocencia Fiscal","diputados","5459","5838","18/12/2025 - 02:33","https://votaciones.hcdn.gob.ar/votacion/5838","ROBERTO, SANTIAGO LUIS","pj","PJ / Union por la Patria","NEGATIVO"
"Inocencia Fiscal","diputados","5459","5838","18/12/2025 - 02:33","https://votaciones.hcdn.gob.ar/votacion/5838","ROSSI, AGUSTIN OSCAR","pj","PJ / Union por la Patria","NEGATIVO"
"Inocencia Fiscal","diputados","5459","5838","18/12/2025 - 02:33","https://votaciones.hcdn.gob.ar/votacion/5838","SALZMANN, MARINA DOROTEA","pj","PJ / Union por la Patria","NEGATIVO"
"Inocencia Fiscal","diputados","5459","5838","18/12/2025 - 02:33","https://votaciones.hcdn.gob.ar/votacion/5838","SAND, NANCY","pj","PJ / Union por la Patria","NEGATIVO"
"Inocencia Fiscal","diputados","5459","5838","18/12/2025 - 02:33","https://votaciones.hcdn.gob.ar/votacion/5838","SCAGLIA, GISELA","oth","Otros","NEGATIVO"
"Inocencia Fiscal","diputados","5459","5838","18/12/2025 - 02:33","https://votaciones.hcdn.gob.ar/votacion/5838","SELVA, SABRINA","pj","PJ / Union por la Patria","NEGATIVO"
"Inocencia Fiscal","diputados","5459","5838","18/12/2025 - 02:33","https://votaciones.hcdn.gob.ar/votacion/5838","SERQUIS, ADRIANA CRISTINA","pj","PJ / Union por la Patria","NEGATIVO"
"Inocencia Fiscal","diputados","5459","5838","18/12/2025 - 02:33","https://votaciones.hcdn.gob.ar/votacion/5838","SILEY, VANESA RAQUEL","pj","PJ / Union por la Patria","NEGATIVO"
"Inocencia Fiscal","diputados","5459","5838","18/12/2025 - 02:33","https://votaciones.hcdn.gob.ar/votacion/5838","STRADA, JULIA","pj","PJ / Union por la Patria","NEGATIVO"
"Inocencia Fiscal","diputados","5459","5838","18/12/2025 - 02:33","https://votaciones.hcdn.gob.ar/votacion/5838","TAIANA, JORGE ENRIQUE","pj","PJ / Union por la Patria","NEGATIVO"
"Inocencia Fiscal","diputados","5459","5838","18/12/2025 - 02:33","https://votaciones.hcdn.gob.ar/votacion/5838","TEPP, CAREN","pj","PJ / Union por la Patria","NEGATIVO"
"Inocencia Fiscal","diputados","5459","5838","18/12/2025 - 02:33","https://votaciones.hcdn.gob.ar/votacion/5838","TODERO, PABLO","pj","PJ / Union por la Patria","NEGATIVO"
"Inocencia Fiscal","diputados","5459","5838","18/12/2025 - 02:33","https://votaciones.hcdn.gob.ar/votacion/5838","TOLOSA PAZ, VICTORIA","pj","PJ / Union por la Patria","NEGATIVO"
"Inocencia Fiscal","diputados","5459","5838","18/12/2025 - 02:33","https://votaciones.hcdn.gob.ar/votacion/5838","TROTTA, NICOLAS ALFREDO","pj","PJ / Union por la Patria","NEGATIVO"
"Inocencia Fiscal","diputados","5459","5838","18/12/2025 - 02:33","https://votaciones.hcdn.gob.ar/votacion/5838","VALDES, EDUARDO FELIX","pj","PJ / Union por la Patria","NEGATIVO"
"Inocencia Fiscal","diputados","5459","5838","18/12/2025 - 02:33","https://votaciones.hcdn.gob.ar/votacion/5838","VELAZQUEZ, M. ELENA","pj","PJ / Union por la Patria","NEGATIVO"
"Inocencia Fiscal","diputados","5459","5838","18/12/2025 - 02:33","https://votaciones.hcdn.gob.ar/votacion/5838","VOLNOVICH, LUANA","pj","PJ / Union por la Patria","NEGATIVO"
"Inocencia Fiscal","diputados","5459","5838","18/12/2025 - 02:33","https://votaciones.hcdn.gob.ar/votacion/5838","YASKY, HUGO","pj","PJ / Union por la Patria","NEGATIVO"
"Inocencia Fiscal","diputados","5459","5838","18/12/2025 - 02:33","https://votaciones.hcdn.gob.ar/votacion/5838","YEDLIN, PABLO RAUL","pj","PJ / Union por la Patria","NEGATIVO"
"Inocencia Fiscal","diputados","5459","5838","18/12/2025 - 02:33","https://votaciones.hcdn.gob.ar/votacion/5838","ZARACHO, NATALIA","pj","PJ / Union por la Patria","NEGATIVO"
"Inocencia Fiscal","diputados","5459","5838","18/12/2025 - 02:33","https://votaciones.hcdn.gob.ar/votacion/5838","ZIGARAN, MARIA INES","oth","Otros","NEGATIVO"
"Inocencia Fiscal","diputados","5459","5838","18/12/2025 - 02:33","https://votaciones.hcdn.gob.ar/votacion/5838","ZULLI, CHRISTIAN ALEJANDRO","pj","PJ / Union por la Patria","NEGATIVO"
